time / s, distance / mm, angle motors / °, angle gyro / °
0, 0, 0, 0
28.51000000000001, 2.038, 0, 2.045454545454545
54.66100000000001, 2.02, -141, -131.9318181818182
82.87000000000001, 2.192, 33, 38.86363636363637
89.79200000000001, 0.18, 94, 101.25
122.31, 2.7, 192, 230.1136363636364
129.43, 0.14, 309, 315.0
136.652, 0.16, 203, 226.0227272727273
151.073, 0.8209999999999999, 37, 73.63636363636364
154.22, -0.05, -36, 0.0
159.152, -0.022, 28, 65.45454545454546
